id:ID,contents,createdAt,date,description,likes:int,status,title,updatedAt,visualizations:int,youtubeUrl
0hmxZPp0xq0,"2:50 - Manuel Santill√°n, el Le√≥n - Los Fabulosos Cadillacs - Lucas Niro - cluacas
5:10 - El Infierno Est√° Encantador Esta Noche - Patricio Rey y sus Redonditos de Ricota - Mati Mowszet & H√©ctor Cama√±o - por qu√© el peaje no pag√≥
7:14 - Est√°s Frito Angelito - Patricio Rey y sus Redonditos de Ricota - Lucas Torres
9:06 - Esperando el Impacto - Bersuit Vergarabat - Octa - JINGLAZO EMOTIVO
12:13 - Hay Que Salir del Agujero Interior - Virus - Nacho Ro - hay que seguir a Hugo Alconada Mon - JINGLAZO DEL DIA!!
15:30 - Los Calientes - Babas√≥nicos - Marquitos - Hoy lo va putear a Ian Moche y a los chorr*s del Garrahan - JINGLAZO
17:41 - Lunita de Tucum√°n - Tan Bi√≥nica - Nico D√≠az 
20:41 - Dos en la Ciudad - Fito P√°ez - Lauti el Monje Cortoplacista
25:05 - Pobre Cristina - Sabina - Pedrillom 
27:32 - DtMF - Bad Bunny - El Negro Andante - que no se saquen fotos los pibes de newells - JINGLAZO
29:23 - Vuelta a la Luna (feat. Duki) - YSY A 
31:58 - Maldita Noche - Bandana - Mariu la Queen Serrano - Maldito Moche ensobrado K - JINGLAZO
33:43 - Burbujas De Amor - Juan Luis Guerra - Nico √Ålvarez - Quisiera ser de Glew, para votar a Cris en la 3ra - JINGLAZO!!!!",,5/6/2025,,,,Quisiera ser de Glew,,,
b5lCSCtoTq0,"3:32 - Como Ali- Los Piojos - Las Empanadas de Darin- El Negro Andante? - JINGLAZO
5:13- Back in Black- AC/DC-Jueza Makintach
6:23 - Loco un Poco - Turf - Marquitos y Pedro?
8:37 - Zamba para olvidar - Julio Fontana - Nicol√°s D√≠az-JINGLAZO
13:27 -Quiz√°s, Quiz√°s, Quiz√°s - Los Panchos - Mariu La Queen Serrano- Es m√°s, es m√°s, es m√°s - JINGLAZO!!!
15:16 - El Brujito de Gulub√∫ - Mar√≠a Elena Walsh
17:28 -LO MEJOR DE LO MEJOR- LOUTA
20:00 - She Don't Give a Fo- Duki - No Lo Salud√≥- JINGLAZO
22:06- Rock DJ- Robbie Williams - Basta ya del che Milei-JINGLAZO
24:48 -Las Divinas - Brenda Asnicar
26:44 - El Kun Ag√ºero - Los Leales
28:24-Pepe Lui-Divididos
30:28 - Ag√°rrense De Las Ma√±os - Jos√© Luis Rodr√≠guez- Lucas Niro- Ni en pedo le doy la mano - JINGLAZO
32:56 - Paloma - Andr√©s Calamaro - Nico √Ålvarez -No jodan con Maradona -JINGLAZO",,29/5/2025,,,,No jodan con Maradona,,,
olGX402DAqk,"3:05 - Todav√≠a Cantamos - V√≠ctor Heredia - El Negro Andante
5:32 - Mi Cuarto - Vivencia - Larreta - Juan Mitidieri
8:03 - Tu Vicio - Charly Garcia - Mauricio no va m√°s - Marquitos
10:52 - Salir Segundos - Cebollitas - Santoro - JINGLAZO!!
12:39 - Octavo D√≠a - Shakira - Lauti el Monje Cortoplacista 
15:05 - Fallin - Alicia Keys - Adorni - Mariu QUEEN Serrano - JINGLAZO
18:09 - Beat It - Michael Jackson - Biondini - Nico Diaz - JINGLAZO PRECARIO
21:51 - Abracadabra - Lady Gaga - Lia Copello - Cata Ciudad üíö
24:10 - Llorar√°s por Mi - Chapa C - Leo Pressi - JINGLAZO MORFLEPS
28:32 - Yo Me Enamor√© - Amar Azul - Larreta - Yo yo la choque, la calesita yo la choque - JINGLAZO DEL D√çA!",,22/5/2025,,,,LE DIMOS LA CALESITA | la F√ÅBRICA DE JINGLES de GELATINA,,,
7GI2yYvB_Ms,"5:06 - Nunca Me Faltes - Antonio R√≠os - Lucas Bonfante - El Negro Andante - JINGLAZO
7:36 - La Bicicleta - Estudio K L - Larreta
9:21 - Si T√∫ Supieras Cuanto Yo a Ti Te Amo - Makano - Lospennato
11:45 - AGUA - CA7RIEL & Paco Amoroso & TINI - Marra
13:38 - Abarajame - Illya Kuryaki & The Valderramas - Santoro - JINGLAZO REDUX!
15:31 - El Sat√°nico Dr Cadillac - Los Fabulosos Cadillacs - Caruso - Juan Stagno 
18:07 - El Baile De La Gambeta - Bersuit Vergarabat - Santoro
20:37 - La Del Toro - Bersuit Vergarabat - Santoro - El Negro Andante
23:07 - Por la Ciudad - La Vela Puerca - Caruso - Marquitos - JINGLAZO
25:21 - Cable A Tierra - Fito P√°ez - El Pitu Salvatierra
28:01 - De M√≠ - Charly Garc√≠a - Kim - JINGLAZO
30:00 - Anhedonia - Charly Garcia - Lauti El Monje Cortoplacista 
32:45 - Pasos Al Costado - Turf - Caruso - Octa - JINGLAZO
35:37 - Una L√°grima Sobre el Tel√©fono - Paz Mart√≠nez - Papaleo? - JINGLAZO
38:43 - Te Extra√±o, Te Olvido, Te Amo - Ricky Martin - Santoro - LauLaDelHamster y JotaPabloFr JINGLAZO PRECARIO!
42:57 - Se√±ora de las Cuatro D√©cadas - Ricardo Arjona - Abal Medina - JINGLAZO DEL D√çA!!!!!
48:34 - La Vida No Es la Misma Sin Futbol - Jauregui - Caruso",,15/5/2025,,,,SE√ëOOORAAAA | la F√ÅBRICA DE JINGLES de GELATINA,,,
6IjxzOQ_gY8,"4:00 - IMPOSTOR - CA7RIEL & Paco Amoroso - Pedrillom
6:10 - El Farzante - Ozuna - Los Regatoneros Troskos - Bregman
8:18 - Mi Cama Huele a Ti - Tito El Bambino - Es que la CABA huele a pis - Larreta - JINGLAZO
10:43 - Rap das Armas - Cidinho & Doca - Marquitos, el jinglero m√°s r√°pido del oeste!
12:48 - Si Antes Te Hubiera Conocido - Jose Baldemar - El Comando Bandido
14:52 - Que Digan Lo Que Quieran - Natalia Oreiro - Mariu Serrano
18:42 - Un Osito de Peluche de Taiw√°n - Los Aut√©nticos Decadentes - Juan Mitidieri - Eternauta - JINGLAZO
20:48 - El Farolito - Los Piojos - Dame un Coquito - JINGLAZO DEL D√çA!!!!
23:02 - Vamos las Bandas - Patricio Rey y sus Redonditos de Ricota - Lucas Torres - JINGLAZO PRECARIO
24:47 - Jugo de Tomate Fr√≠o - Manal - El Negro Andante
27:19 - Encuentro Con el Diablo - Ser√∫ Gir√°n - El Monje Cortoplacista
29:48 - Yo Te Amo - Sandro - Al Coreano - Kim Moreno - JINGLAZO!!
33:43 - Sabor A M√≠ - Luis Miguel - Porque hay olor a pis - Larreta - JINGLAZO
36:17 - Un Velero Llamado Libertad - Jos√© Luis Perales - Blas Ferrari - Bullrich - Y se afili√≥ - JINGLAZO!!
38:51 - Tax Man - Los Beatles
40:41 - Las Dem√°s - Babas√≥nicos - L√≠a Copello & Marquitos
43:51 - El Magnetismo - √âl Mat√≥ a un Polic√≠a Motorizado - Kim te va a cuidar
46:18 - #TETAS - CA7RIEL & Paco Amoroso - soy Larreta",,8/5/2025,,,,DAME UN COQUITO | la F√ÅBRICA DE JINGLES de GELATINA,,,
nxdEJKS-mRU,"01:47 Negro Andante - Viva Per√≥n, Vivan los Jingles
08:04 Pappo - Rock and Roll y Fiebre
11:39 2 minutos - Ya no sos igual (#FreeMarcos)
15:33 Los Piojos - Desde Lejos No Se Ve
19:20 Los Caballeros de la Quema - Avanti Morocha
23:40 La Delio Vald√©z - Negra, Ron y Velas
26:31 La Delio Vald√©z
32:34 Bersuit Vergarabat - Sr Cobranza
37:03 Bersuit Vergarabat
44:15 The Human League - Dont You Want Me
48:00 Intoxicados- Se√±or Kioskero
50:55 Pink Floyd - Another Brick in the Wall
57:34 Whitney Houston -  I Will Always Love You
1:02:31 Andrea Bocelli Y Marta Sanchez - Vivo Por Ella
1:07:07 Victor Heredia - Ojos De Cielo
1:11:11  Mercedes Sosa - Todo Cambia
1:17:17 Village People - Y.M.C.A
1:20:12 Beyonc√© - Crazy in Love
1:23:30 Roxette - The Look
1:34:03 √Årbol - El Fantasma
1:38:32 Bob Marley - No Woman, No Cry 
1:42:14 Dillom y Andr√©s Calamaro - Mi Peor Enemigo
1:46:10 Ofelia
1:54:49 Jos√© Perales - Y C√≥mo Es √âl?
1:58:32 Babas√≥nicos - Microdancing
2:01:45 Rebord
2:10:27 El Kuelgue - Circunvalaci√≥n
2:14:31 Ca7riel Y Paco Amoroso - El √önico
2:17:38 Resumen del a√±o de Industria Nacional
2:21:11 Patricio Rey y sus Redonditos De Ricota - Gualicho 
2:26:24 Patricio Rey y sus Redonditos De Ricota - Ji Ji Ji
2:44:00 Leonard Cohen - Hallelujah
2:48:42 La Mafia Jinglera - Un Amor de Industria Nacional
2:50:15 Damas Gratis - No Te Creas Tan Importante",,23/12/2024,,,,"FESTIVAL DE JINGLES en ESTADIO OBRAS con BERSUIT, OFELIA, DELIO VALDEZ y REBORD | GELATINA",,,
j0_VYx37wck,"2:59 Laten Bolas - Bersuit Vergarabat (El Negro Andante)
5:07 Cuando te Conoc√≠ - Andr√©s Calamaro (Octa)
8:23 Luz de Marfil - Los Piojos (Mati Mowszet y H√©ctor Cama√±o)
12:37 Tr√°fico Por Katmand√∫ - Fito P√°ez (Juan Stagno) JINGLAZO
15:58 Tumbas de la Gloria - Fito P√°ez (Valen Larroy) JINGLAZO
18:43 Chipi-Chipi - Charly Garcia (Marquitos) JINGLAZO
23:05 La Melod√≠a de Dios - Tan Bi√≥nica JINGLAZO PRECARIO
27:02 Brindis por Pierrot - Jaime (Lauti el Monje Cortoplacista)
31:49 Por - Luis Alberto Spinetta (Nico √Ålvarez)
33:36 Por - Luis Alberto Spinetta (Marquitos)
37:50 Just a Girl - No Doubt (Mariu Serrano) 
40:11 MINIMI - Dillom (Pedrillom)
43:05 No Te Creas Tan Importante - Damas Gratis (Mariu Serrano y Blasito Ferrari) JINGLAZO",,28/11/2024,,,,LA √öLTIMA F√ÅBRICA DE JINGLES | CON PEDRO ROSEMBLAT Y MARCOS ARAMBURU,,,
WMoHO8XweFA,"3:05 Obras
3:54 agite  
5:07 Ca7riel y Paco Amoroso - Cono Hielo   (Pedrillom)
8:21 La Delio Valdez - Negra ron y velas (Negro Andante)
11:00 Adele - Rolling in the deep  (Mariu Serrano) JINGLAZO INCREIBLE
14:13  Shania Twain - Man! I feel like a woman (Mariu Serrano)
18:23  I'm your lady  - C√©line Dion 
22:23  Gene Vincent - Be pop a Lula (Maria Paula Godoy)
25:14 Valeria Lynch - Me das cada d√≠a m√°s. (Dan Breitman, Acapella) 
26:46  Gardel - Cuesta Abajo . (Cortoplacista) JINGLAZO
31:58  Calamaro - Cartas sin marcar 
35:25  Airbag - Por mil noches (Blasito Ferrari) JINGLAZO",,21/11/2024,,,,QUE ALGUIEN LE SAQUE LA CAMPERA | LA F√ÅBRICA DE JINGLES CON PEDRO ROSEMBLAT,,,
aY3-Iv1W6zA,"3:10 Peque√±os Sue√±os - √Årbol 
5:48 Como un Cuento - Divididos (Lauti El Monje Cortoplacista)
10:03 Jaguar House - Illya Kuryaki & The Valderramas (Aguante el Garrahan)
13:13 El Viejo De Arriba - Bersuit Vergarabat (El Negro Andante) JINGLAZO
17:03 Zapatos Rotos - Los N√°ufragos (Fabi JVK) JINGLAZO
20:51 El Sue√±o del Pibe - Juan Puey (Octa)
23:25 Garganta con Arena - Cacho Casta√±a (Mariu Serrano) 
25:34 Penumbras - Sandro (Blasito Ferrari)
30:36 As Long As You Love Me - Backstreet Boys (Marquitos) JINGLAZO
33:22 Ahora Te Puedes Marchar - Luis Miguel (El equipo de redes de Gelatina) JINGLAZO
36:33 Una L√°grima Sobre el Tel√©fono - Paz Mart√≠nez (Lucas Niro) JINGLAZO DEL D√çA!!
39:48 La que Puede, Puede - Ca7riel y Paco Amoroso (Pedrillom) 
43:54 Traici√≥n - Miranda!
46:20 La Cancioncita - La Delio Valdez",,14/11/2024,,,,ESTE PA√çS PARECE UNA JODA DE TINELLI | LA F√ÅBRICA DE JINGLES CON PEDRO ROSEMBLAT,,,
bNZhHKCNH4k,"1:28 Buen D√≠a Benito - El Cuarteto de Nos (Octa)
3:42 Al Lado del Camino - Fito P√°ez (Lauri El Monje Cortoplacista)
8:16 Tema de Piluso - Fito P√°ez JINGLAZO
11:31 Yendo de la Cama al Living - Charly Garc√≠a JINGLAZO
13:50 El Pa√≠s de la Libertad - Le√≥n Gieco (Juan Mitidieri) JINGLAZO
17:19 Take My Breath Away - Berlin (Mariu Serrano) JINGLAZO
21:11 Capullito de Alel√≠ - Caetano Veloso (El Negro Andante) JINGLAZO
23:35 El Cantante - H√©ctor Lavoe (El Negro Andante) 
25:06 La Rubia del Avi√≥n - Los Ladrones Sueltos (Marquitos) JINGLAZO!!
27:46 Demasiadas Mujeres - C Tangana (Pedrillom) 
30:32 Maquillada en la Cama - Juliana Gattas (Mariu Serrano)
34:04 Si No Le Contesto - Plan B (Pedrillom)
38:36 Quien se ha Tomado Todo el Vino - La Mona Jim√©nez JINGLAZO",,7/11/2024,,,,"CON PISTARINI EN EL AVI√ìN, QUE CARA DE G|L | LA F√ÅBRICA DE JINGLES CON PEDRO ROSEMBLAT",,,
nqqqxhd5ytw,"1:57 Andar Conmigo - Julieta Venegas (Mariu Serrano)
4:01 Isla - Leo Garc√≠a (Lauti El Monje Cortoplacista)
6:30 Voces - Miranda! (@lucasniro230)
9:10 Pecados para Dos - Virus (Juan Stagno)
11:49 Cuando Pase el Temblor - Soda Stereo (Blasito Ferrari)
14:55 Aquella Solitaria Vaca Cubana - Patricio Rey y sus Redonditos de Ricota (Marquitos) JINGLAZO
19:47 Ojo con los Orozco - Le√≥n Gieco (El Negro Andante) JINGLAZO DEL DIA!
25:46 Tres Agujas (feat. Luis Alberto Spinetta) - Lito Vitale (Pedrillom)
29:06 Hasta Siempre - Nathalie Cardone
31:19 El Cuarto de Tula - Buena Vista Social Club (Mar√≠a Paula Godoy) JINGLAZO
33:41 Balada para un Loco - Astor Piazzolla (Mariu Serrano) 
38:38 Un Velero Llamado Libertad - Jos√© Luis Perales 
40:26 Pizza Conmigo - Alfredo Casero JINGLAZO PRECARIO
42:55 Ojo con los Orozco - Le√≥n Gieco (El Negro Andante)",,31/10/2024,,,,"PROCT√ìLOGO FORZOSO, C0J0 CON BRO | LA F√ÅBRICA DE JINGLES CON PEDRO ROSEMBLAT",,,
yKDE_Q0Lfsk,"2:38 McFly - Ca7riel (Blasito)
5:29 Ya Lo Sab√≠a - Miranda 
8:14 Another One Bites the Dust - Queen (@laguitarranosemancha) JINGLAZO DEL DIA 
10:24 Blumana - El Negro Rada 
13:37 Vivo por Ella - Andrea Bocelli & Marta S√°nchez (Mariu, Marquitos y Blasito) JINGLAZO!!!!
20:22 Ruby Tuesday - The Rolling Stones JINGLAZO
23:24 Ma√±ana en el Abasto - SUMO (Lauti El Monje Cortoplacista)
26:56 Sacrificio y Rock and Roll - Pier (Octa) JINGLAZO
29:16 Para No Verte M√°s - La Mosca Ts√©-Ts√© JINGLAZO
31:11 Atorrante - Emanero, Ulises Bueno, Migrantes, Los Palmeras
33:22 RKT - L-Gante (Pedrillom) JINGLAZO!!!!
36:46 Na de Na - √Ångel & Khriz JINGLAZO PRECARIO
39:11 La G√ºera Salom√© - L√≠a Crucet (Mariu Serrano) JINGLAZO",,24/10/2024,,,,YO NO ME C0J0 A MI CAN | LA F√ÅBRICA DE JINGLES CON PEDRO ROSEMBLAT,,,
IKGJyG56a3Y,"2:03 The Show Must Go On - Queen (El Negro Andante)
5:45 Rain III - Trueno (Pedrillom)
9:32 Toma que Toma - Las Ketchup JINGLAZO PRECARIO 
11:36 El √önico - Ca7riel y Paco Amoroso JINGLE DEL D√çA 
15:09 Del√©ctrico - Babas√≥nicos (Blasito Ferrari y Flor Halfon) JINGLAZO
17:53 El Colmo - Babas√≥nicos (El Monje Cortoplacista) 
20:19 Que Ser√° - Chico Buarque y Milton Nascimiento (Mar√≠a Paula Godoy y Cortoplacista)
23:24 Ojos de Cielo - V√≠ctor Heredia  (Marquitos) JINGLAZO
27:13 No Quiero Ser M√°s tu Amigo - C√©sar ‚ÄúBanana‚Äù Pueyrredon JINGLAZO
31:06 Rompela - Charly Garc√≠a 
33:00 Homero - Viejas Locas (Octa)
35:35 Cartas Sin Marcar - Andr√©s Calamaro
38:03 Yo Te Quiero Dar - La Mosca Ts√©-Ts√© 
40:11 El √önico - Ca7riel y Paco Amoroso JINGLE DEL D√çA",,17/10/2024,,,,PAPADA EN EL CUELLO | LA F√ÅBRICA DE JINGLES CON PEDRO ROSEMBLAT,,,
EkKvDI3HovM,"2:10 - Mariu Serrano - Fanatico - Lali
6:00 Desconocido - Pinguinos en la cama - Arjona
9:58 Desconocido - Despues de ti - Lerner
12:15 Cortoplacista - Cadaver exquisito - Fito
15:43 Pedrillom - A la mierda - Ska-P
19:32 Octavio - Te la vamos a dar - Intoxicados
22:07 Emilio - La bestia pop - Patricio Rey y sus redonditos de ricota
24:00 El campeon - Mariposa Pontiac/Rock del Pais - Patricio Rey y sus redonditos de ricota
27:20 Blasito - Vencedores Vencidos - Patricio Rey y sus redonditos de ricota
30:48 Nico Alvarez - Gualicho - Patricio Rey y sus redonditos de ricota (JINGLE DEL DIA)
35:59 El negro andante - Jijiji - Patricio Rey y sus redonditos de ricota",,10/10/2024,,,,QUE MAL HABLA TREBUCQ | LA F√ÅBRICA DE JINGLES CON PEDRO ROSEMBLAT,,,
n0Tsw7Qr2hU,"4:02 Who Can It Be Now - Men at Work
6:05 Sex Bomb - Tom Jones JINGLAZO
8:55 Crazy in Love - Beyonc√© (Mariu Serrano) JINGLAZO
12:15 Mr President - Coco Jambo
14:14 Minutos - Ricardo Arjona (Fran S√°nchez) 
17:02 Brother Louie - Modern Talking JINGLAZO PRECARIO
19:11 Canci√≥n con Todos - C√©sar Isella (Maria Paula Godoy) JINGLAZO
22:09 Filosof√≠a Barata y Zapatos de Goma - Charly Garc√≠a (El Monje Cortoplacista) JINGLAZO
26:52 Cuando No Est√°s - Andr√©s Calamaro (Marquitos)
32:30 Matador - Los Fabulosos Cadillacs JINGLAZO
35:12 Auto Rojo - Vilma Palma e Vampiros (Blasito Ferrari) JINGLAZO DEL DIA
40:42 El Vals del Obrero - Ska-P (Pedrillom) JINGLAZO
44:02 La Felicidad - Palito Ortega JINGLAZO
47:15 Te Voy a Romper el Or‚Ä¶ - Yayo y el Cuarteto Obrero
51:27 La Marca de la Gorra - Mala Fama (El Negro Andante) JINGLAZO",,3/10/2024,,,,ARGENTINA NO ES COMO DICE EL PRESIDENTE | LA F√ÅBRICA DE JINGLES CON PEDRO ROSEMBLAT,,,
DV89OTRg1qs,"1:24 Estadio Azteca - Andr√©s Calamaro (Blasito Ferrari)
4:19 Par Mil - Divididos (Fran S√°nchez)
6:47 No te Creo - Gustavo Cerati (El Monje Cortoplacista)
9:24 Campanas en la Noche - Los Tipitos (La Cope y Fran S√°nchez) JINGLAZO
13:00 Los Caminos de la Vida - Vicentico - Meta-jingle con El Marido de Pampita (Natalia Fern√°ndez) JINGLAZO PRECARIO
15:13 Saludo a la Bandera - Leopoldo Corretjer (Mar√≠a Paula Godoy) JINGLAZO
17:39 La Cobra - J Mena (Mariu Serrano) JINGLAZO
20:40 Loba - Shakira (Bruno Mogui y Camila Ciarma)
23:01 Sangria - Wos y Trueno (Pedrillom y Blasito Ferrari) JINGLAZO
25:38 ‚ù§Ô∏è‚ù§Ô∏è‚ù§Ô∏è 
26:57 Sweet Dreams are Made of This - Eurythmics (Mariu Serrano) JINGLAZO
30:21 In the Navy - Village People (Flavio Jorge Gonz√°lez) JINGLAZO
33:41 Los Domingos - Sergio Denis (El Negro Andante) JINGLAZO
36:45 Te Quiero Comer la Boca - La Mosca Ts√©-Ts√© (Mati Mowszet y H√©ctor Cama√±o) JINGLAZO",,26/9/2024,,,,YO QUIERO UN SEGUNDO OBRAS | LA F√ÅBRICA DE JINGLES CON MARCOS ARAMBURU,,,
D7mdPOluW8k,"2:11 Asado y Fernet - Los Caligaris
3:45 La Bolsa - Bersuit Vergarabat (Nico √Ålvarez) JINGLAZO
6:09 La Motito de Carlitos - Mala Fama
8:16 Amores como el Nuesto - Los Charros (Marquitos) JINGLAZO
11:30 Asado de Fa - Sarah Hebe
14:17 Holding Out for a Hero - Bonnie Tyler (Mariu Serrano) JINGLAZO
15:09 Alright - Jamiroquai (La Mafia Jinglera)
16:53 D√≠ganselo - El Kuelgue (Pedrillom)
19:34 Miguel Gritar - El Cuarteto de Nos JINGLAZO
22:16 El Loco - Babas√≥nicos (Blasito Ferrari) JINGLAZO
25:52 Fr√°gil - La Vela Puerca (Octa) 
27:43 M√°s o Menos Bien - √âl Mat√≥ a un Polic√≠a Motorizado JINGLAZO
31:26 Milonga Sentimental - Sebasti√°n Piana y Homero Manzi (El Monje Cortoplacista) JINGLAZO
34:29 Coraz√≥n Espinado - Man√° (Fran S√°nchez) JINGLAZO
36:53 Pica Pica (Ariel Mart√≠nez) JINGLAZO 
38:28 Bajo Del Mar - La Sirenita JINGLAZO DEL DIA
40:33 Burbujas de Amor - Juan Luis Guerra JINGLAZO PRECARIO PARA MATI
42:43 Dile - Don Omar (Pedrillom) JINGLAZO",,19/9/2024,,,,FESTIVAL DE JINGLES EN EL ESTADIO OBRAS | LA F√ÅBRICA DE JINGLES CON PEDRO ROSEMBLAT,,,
wj8nRngxnIw,"1:22 Vertigo - U2 JINGLAZO
3:07 Cartas Sin Marcar - Andr√©s Calamaro (El Negro Andante)
5:17 Dar es Dar - Fito P√°ez (Juan Stagno) JINGLAZO
8:39 Reyes de la Noche - Guasones (Octa) 
11:29 Rock and Roll y Fiebre - Pappo (Marquitos) JINGLAZO
15:57 Plegaria para un Ni√±o Dormido - Luis Alberto Spinetta (El Monje Cortoplacista)
18:51 A los J√≥venes de Ayer - Ser√∫ Giran 
21:55 Mar√≠a Land√≥ - Chabuca Granda (Mariu y Mar√≠a Paula Godoy)
26:12 Bien o Mal - Trueno (Pedrillom)
28:13 Los P*tos de Ohio 
31:36 Un'estate italiana - Gianna Nannini y Edoardo Bennato (Blasito Ferrari) JINGLAZO
35:54 Cielito Lindo - Pedro Infante JINGLAZO
38:41 Lloviendo Estrellas - Cristian Castro
41:01 Bonita de M√°s - Erreway
44:23 Agarrense de las Manos - El Puma Rodr√≠guez",,12/9/2024,,,,JINGLES EN DICIEMBRE | LA F√ÅBRICA DE JINGLES CON PEDRO ROSEMBLAT,,,
lFgXPb_l4PY,"1:36 En la Ciudad de la Furia - Soda Stereo (El Negro Andante) JINGLAZO
4:52 Clarobscuro - La Vela Puerca (Pablo Carrozza y Blasito)
7:57 Fijate - Los Piojos (Blasito Ferrari)
10:20 Yira Yira - Los Piojos (Juan Mitidieri)
13:10 La Pome√±a - Gustavo Cuchi Leguizam√≥n (El Monje Cortoplacista)
17:23 Caruseando by Marco$
18:46 Fue Amor - Fito P√°ez (Marquitos) 
21:46 Bzrp Music Sessions, Vol. 53 - Bizarrap y Shakira (Pedrillom) JINGLAZO DEL D√çA!!!!
25:58 Detr√°s del Humo no se ve - Emilia Mernes (Mati Mowszet)
27:40 Lovefool - The Cardigans (Mariu Serrano) JINGLAZO 
30:04 Ironic - Alanis Morissette (La Cope y Fran S√°nchez) JINGLAZO
33:40 Again - Lenny Kravitz (Fran S√°nchez)
35:50 September - Earth Wind and Fire 
37:39 Cachita - Ricardo Montaner (Juan Stagno)
39:44 Beso a Beso - La Mona Jim√©nez",,5/9/2024,,,,LOS JINGLEROS YA NO LLORAN LOS JINGLEROS FACTURAN | LA F√ÅBRICA DE JINGLES CON PEDRO ROSEMBLAT,,,
9CFFo0a7tvY,"1:42 I Feel Good - James Brown
3:00 I Say a Little Pray - Aretha Franklin (Mariu Serrano)
5:28 Every Breath You Take - The Police JINGLAZO
7:07 Don‚Äôt Look Back in Anger - Oasis (Blasito Oblasis Ferrari) JINGLAZO 
9:43 Forever Young - Alphaville (Mati Mowszet y Hector Cama√±o) JINGLAZO DEL DIA
13:25 Only You - The Platters (Nico √Ålvarez)
15:41 Gangnam Style - PSY (El Negro Andante) JINGLAZO
17:20 Los Tontos - C. Tangana (Pedrillom) #Pedranje
21:00 La Vida T√≥mbola - Manu Chao (Marquitos) 
27:38 Reggae de Mirta - Intoxicados (Octa)
30:10 Se Viene - Bersuit Vergarabat 
31:52 Mar√≠a y Jos√© - Los Piojos (La Cope y Flor Halfon)
34:30 Sea - Drexler (El Monje Cortoplacista)
37:50 Obsesi√≥n - Aventura (La Cope y Fran S√°nchez)
41:10 Dime si te Vas con √âl - Flex (Sandro Vernues) JINGLAZO
44:54 El Meneaito - Gaby JINGLAZO",,29/8/2024,,,,LA DEL PATITO | LA F√ÅBRICA DE JINGLES CON PEDRO ROSEMBLAT,,,
2Scws094-OU,"2:16 Start Me Up - The Rolling Stones
4:42 The Look - Roxette (Juan Stagno) JINGLAZO DEL DIA 
7:41 Dos Dias en la Vida - Fito P√°ez (Mariu Serrano y El Negro Andante) JINGLAZO 
12:38 Mariposa Tecknicolor - Fito P√°ez JINGLAZO
15:50 Diez Mil (20 Millones de Pesos) - Bersuit Vergarabat
18:24 Rocanroles Sin Destino - Callejeros (El Negro Andante) 
24:01 Spaghetti del Rock - Divididos (El Monje Cortoplacista)
27:37 El Problema - Ricardo Arjona (Octa)
31:02 Under the Bridge - Red Hot Chili Peppers JINGLAZO
33:37 Loca - Tan Bi√≥nica (Juan Mitidieri) 
36:58 Circunvalaci√≥n - El Kuelgue (Pedrillom) JINGLAZO
41:47 La Bamba - Ritchie Valens JINGLAZO
43:33 Mi Primer Mill√≥n - Bacilos (Fran S√°nchez) JINGLAZO
46:11 No Tengo Nada - Floricienta (iara Jevscek)
49:25 Waka Waka - Shakira (Mariu Serrano)
51:05 The Look - Roxette",,22/8/2024,,,,DIJO TREBUCQ | LA F√ÅBRICA DE JINGLES CON PEDRO ROSEMBLAT,,,
Zi1LMDOoYjI,"00:00 1) Queen - Eeee oooo
00:24 2) Eresure - Oh L'Amour
01:27 3) The Human League - Dont You Want Me
04:05 4) Camila Cabello - Havana
06:10 5) Bob Marley - No Woman, No Cry 
08:03 6) Gloria Estefan - Hoy
09:26 7) Mon Laferte - Tu Falta De Querer
12:24 8) Chiquititas - Estoy Enamorada De Todos 
15:36 9) Whitney Houston -  I Will Always Love You
20:05 10) Leonard Cohen - Hallelujah
23:21 11) Los Beatles - Come Together 
24:54 12) El Mat√≥ a un Polic√≠a Motorizado - El Tesoro
26:22 13) √Årbol - El Fantasma
28:50 14) Mar√≠a Helena Walsh - La Cigarra 
31:13 15) Luis Alberto Spinetta - Barro Tal Vez
34:50 16) Trueno y Victor Heredia - Tierra Zanta
38:17 17) Las Pastillas del Abuelo - ¬øQu√© es Dios? 
42:11 18) Los Piojos - Vine Hasta Aqu√≠
44:12 19) Dillom y Andr√©s Calamaro - Mi Peor Enemigo
47:27 20) Los Caballeros de la Quema - Avanti Morocha 
50:52 21) El Cuarteto de Nos - Lo Malo De Ser Bueno
54:22 22) Los Piojos - El Balneario De Los Doctores Crotos
56:08 23) Intoxicados- Se√±or Kioskero 
58:33 24) Trueno y Nathy Peluso - Argentina 
01:02:04 25) Illya Kuryaki and the Valderramas - Coolo
01:03:45 26) L-Gante - Bzrp music sessions
01:06:40 27) Luck Ra - La Morocha
01:08:05 28) Aut√©nticos Decadentes - Los Piratas
01:09:56 29) Los Piojos - El Farolito
01:12:22 30) Leo L√≥pez - Menem Lo Hizo
01:14:11 31) Autenticos Decadentes - El Murguero
01:15:40 32) Proyecto Uno - El Tibur√≥n
01:17:01 33) Joey Montana - Picky",,19/8/2024,,,,MIX DE JINGLES T2 VOL. 1 | LA F√ÅBRICA DE JINGLES,,,
AfoHKyBGK_U,"1:57 Dragostea Din Tei - O-Zone (Blasito) JINGLAZO
3:53 Bad Romance - Lady Gaga (Mariu Serrano) JINGLAZO
7:07 D√≠as de Enero - Shakira (homenaje a Marcos)
10:11 Fotograf√≠a - Juanes y Nelly Furtado (Fran S√°nchez y La Cope) JINGLAZO
13:22 C√≥mo Te Voy a Olvidar - Los √Ångeles Azules (Juancito Stagno) JINGLAZO
16:03 Fan√°tica Sensual - Plan B JINGLAZO
18:26 Noche de Sexo - Wisin & Yandel ft Aventura JINGLAZO
20:43 Opa - Dillom (Pedrillom)
23:36 Arranc√°rmelo - Wos (Blasito) JINGLAZO
27:33 Cuando Yo Me Empiece a Quedar Solo - Sui Generis (Cortoplacista) JINGLAZO
31:43 Prejuicios (Osvaldo) - Arbol (El Negro Andante) JINGLAZO
34:27 Desde Lejos No Se Ve - Los Piojos JINGLAZO
38:30 Marad√≥ - Los Piojos (Octa) JINGLAZO",,15/8/2024,,,,C√ìMO NO FORMATI√â EL CELULAR | LA F√ÅBRICA DE JINGLES CON PEDRO ROSEMBLAT,,,
k1_hcAbT9VA,"1:29 Satisfaction - The Rolling Stones (Blasito) JINGLAZO
3:52 Rock and Roll All Nite - KISS 
5:26 Microdancing - Babas√≥nicos (Octa) JINGLAZO
7:54 No se Puede Vivir del Amor - Andr√©s Calamaro 
10:13 El Gran Se√±or - Los Aut√©nticos Decadentes (Juan) JINGLAZO
13:12 Ella Dijo - Estelares (Juan Stagno)
17:26 Seguir Viviendo sin tu Amor - Luis Alberto Spinetta (Juancho31)
18:27 La Colina de la Vida - Le√≥n Gieco (Cortoplacista)
22:13 Todo se Transforma - Drexler (Fran Sanchez) JINGLAZO
25:39 Un Siglo Sin Ti - Chayanne (Francisco Fern√°ndez)
30:27 Nada Nos Puede Pasar - Verano del 98 (La Cope y Fran S√°nchez) JINGLAZO
33:24 El Cosechero - Ram√≥n Ayala (Mar√≠a Paula Godoy) JINGLAZO
35:49 Malo - Bebe (Mariu Serrano) JINGLAZO DEL DIA 
39:56 Calma Pueblo - Calle 13 (Pedrillom)
44:41 Qu√© Tendr√° el Petizo - Ricky Maravilla (El Negro Andante) JINGLAZO 
48:00 En la Ciudad de la Furia - Soda Stereo (El Negro Andante y Pepe) JINGLAZO",,8/8/2024,,,,DIPUTADOS MICRONAZIS | LA F√ÅBRICA DE JINGLES CON PEDRO ROSEMBLAT,,,
0jm7WjoAKh8,"1:18 La Bolsa - Bersuit Vergarabat (Fran S√°nchez - El Jufa)
4:13 Ya No S√© Que Hacer Conmigo - El Cuarteto de Nos (Fran S√°nchez - El Jufa) JINGLAZO
8:21 Va a Escampar - La Vela Puerca (Santiago de Uruguay) JINGLE A MATI MOWSZET 
11:40 Himno de mi Coraz√≥n - Los Abuelos de la Nada (Octa) JINGLAZO
14:10 Obsesionario en La Mayor - Tan Bi√≥nica (Cortoplacista) JINGLAZO
18:11 Nataci√≥n - El Kuelgue (Pedrillom)
20:25 Entr√© a mi Pago Sin Golpear - Ra√∫l Trullenque
22:03 ¬øY C√≥mo Es √âl? - Jos√© Luis Perales (Marquitos) JINGLAZO DEL D√çA
26:51 Total Eclipse of the Heart - Bonnie Tyler (Mariu Serrano) JINGLAZO
30:12 Your Love - The Outfield (Nico Alvarez) JINGLAZO
32:24 You Can't Touch This - MC Hammer (base instrumental: Super Freak - Rick James) (El Negro Andante) JINGLAZO
34:11 Que Se Mejoren - Wos (Blasito Ferrari)
37:42 Clandestino - Manu Chao (Juan Stagno) JINGLAZO
41:00 Soy Soltero - El Dipy (Pedrillom) JINGLAZO",,1/8/2024,,,,¬øQU√â VOTASTE? | LA F√ÅBRICA DE JINGLES CON PEDRO ROSEMBLAT,,,
wH1Fnl6nOMw,"4:12 Atr√©vete-te-te - Calle 13 (Pedrillom)
7:53 Havana - Camila Cabello (iara jvk y faby jvk) JINGLAZO DEL D√çA
9:57 Me Amo - Cuarteto de Nos (Octa) JINGLAZO
12:22 Aire - Los Cafres (Juan Stagno) JINGLAZO
15:11 Qu√© ves? - Divididos (Blasito Ferrari)
18:02 La Guitarra - Los Aut√©nticos Decadentes (Flor Halfon)
20:16 Un Poco de Amor Franc√©s - Patricio Rey y sus Redonditos de Ricota (Nico √Ålvarez)
22:06 Amor de Verano - Airbag
24:34 Dejar√≠a Todo - Chayanne (Marquitos) JINGLAZO
27:45 Strangers in the Night - Frank Sinatra (Cortoplacista)
30:21 November Rain - Guns & Roses (El Negro Andante)
34:32 Vogue - Madonna (Mariu Serrano) 
38:38 It‚Äôs Raining Men - Geri Halliwell (I√±aki Gonz√°lez) JINGLAZO TRUNCO",,25/7/2024,,,,KAMALA O EL GAGA | LA F√ÅBRICA DE JINGLES CON PEDRO ROSEMBLAT,,,
x90T9A1ipq8,"1:35 Lo Malo de Ser Bueno - El Cuarteto de Nos (Fran S√°nchez) JINGLAZO
5:01 As√≠ Soy Yo - El Cuarteto de Nos (Fono Amor)
7:13 El Farolito - Los Piojos (Blasito)
10:28 Vine Hasta Aqu√≠ - Los Piojos
12:37 Qu√© es Dios? - Las Pastillas del Abuelo (El Negro Andante) JINGLAZO
17:13 Pila Pila - Intoxicados (Octa) JINGLAZO
20:35 Barro Tal Vez - Luis Alberto Spinetta (Marquitos) JINGLAZO
25:14 No Soy un Extra√±o - Charly Garc√≠a (Cortoplacista)
28:19 Let It Go - Frozen (Mariu Serrano) JINGLAZO
33:19 Enamorada de Todos - Chiquititas (La Cope y Karina) JINGLAZO
36:34 John el Esquizofr√©nico - Calle 13 (Pedrillom)
40:12 Happy - Pharrell Williams (Nico Alvarez)
42:56 Tibur√≥n - Proyecto Uno JINGLAZO",,18/7/2024,,,,ESTOY ENAMORADA DE TODOS | LA F√ÅBRICA DE JINGLES CON PEDRO ROSEMBLAT,,,
0HDb6xy12-E,"04:00 - We didnt Start The fire  - Billy Joel  (""Todos juntos"" - Publicidad de Coca cola). ‚Äã El Hui√±a
08:15 - Una breve descripci√≥n de mi persona - Cuarteto de Nos. Fran Sanchez
11:20 - Muerte en Haw√°i - Calle 13. Pedrillom
14:39 - Volare - Gipsy Kings. 
16:56 - PETOVELLOOOOOOO
17:22 - Coolo - Illya Kuryaki & The Valderramas. Marquitos
19:44 - Bicho de ciudad - Los piojos. Octa
22:00 - Te voy a atornillar - Redondos. Mati Mowszet y H√©ctor Cama√±o
24:15 - Esperando nacer - Seru Giran. Jow√©n Cap√≥
27:56 - Quereme - Louta y Wos. 
30:40 - Para toda la vida - Marcela Morelo. Cortoplacista
33:02 - No llores por mi Argenitna - Paloma San Basilio - Mariu Serrano
38:04 - Come together - Beatles.
40:40 - El hijo de cuca - Pocho la Pantera",,11/7/2024,,,,TENGO INVICTO EL CUL0 | LA F√ÅBRICA DE JINGLES CON PEDRO ROSEMBLAT,,,
B8t0lsWyoAQ,"2:35 Western - Ataque 77 (Blasito) JINGLAZO
4:26 Message in a Bottle - The Police 
5:51 Ciudad de La Paz - Dillom (Pedrillom)
7:56 Reggae para los Amigos - Intoxicados (Octa) 
9:38 La del Toro - Bersuit Vergarabat (Marquitos) JINGLAZO
13:02 El Tuerto y los Ciegos - Sui Generis (Cortoplacista)
15:00 Universo Paralelo - Nahuel Pennisi (Mati Mowszet y H√©ctor Cama√±o)
17:07 B√©same Mucho - Consuelo Vel√°zquez (Nico √Ålvarez)
19:23 Nessun Dorma - Puccini OPERA JINGLERA
20:59 I Will Always Love You - Whitney Houston (Mariu Serrano) JINGLAZO
25:39 Hoy - Gloria Stefan (Bruja del Monte)
27:29 Mais que Nada - S√©rgio Mendes (I√±aki Gonz√°lez) JINGLAZO
29:29 Menem Lo Hizo - Jingle (El Negro Andante) JINGLAZO DE JINGLAZOS
32:13 Haceme un Pete - Damas Gratis JINGLAZO
33:38 Menem Lo Hizo repeat",,4/7/2024,,,,SUBI√ì EL D√ìLAR BLUE | LA F√ÅBRICA DE JINGLES CON PEDRO ROSEMBLAT,,,
ddj9qUJUAoA,"2:49 Descontrolado - J√≥venes Pordioseros
4:52 M√≠renla - Ciro y los Persas (Blasito)
7:24 El Balneario de los Doctores Crotos - Los Piojos
9:23 Desconexi√≥n Sideral - Bersuit Vergarabat (Octa) JINGLAZO
11:06 Canci√≥n de Juan - Bersuit Vergarabat (Cortoplacista)
14:27 Toco y Me Voy - Bersuit Vergarabat JINGLAZO #FreeJingles
17:57 Toco y Me Voy - Bersuit Vergarabat COMPLETO
20:31 Afiches - Goyeneche
22:37 Cambalache - Julio Sosa (Juan Stagno) JINGLAZO
26:16 Habanera (√ìpera Carmen) - Georges Bizet 
28:11 La Jueza Bar√∫ Bud√∫ Bud√≠a - Tato Bores
28:43 Me Convierto en Marciano - Molotov (El Negro Andante) JINGLAZO
30:20 Do You Want to Build a Snowman - Frozen JINGLAZO
32:15 Hab√≠a una vez un Circo - Gaby, Fof√≥ y Miliki JINGLAZO
33:43 Toxic - Britney Spears (Mariu Serrano) JINGLAZO
36:59 Buenos Tiempos - Dillom (Pedrillom) JINGLAZO",,27/6/2024,,,,HAB√çA UNA VEZ UN VIRGO | F√ÅBRICA DE JINGLES DE GELATINA CON PEDRO ROSEMBLAT,,,
m6bHAgyLgU0,"1:34 Je Veux - Zaz
3:36 Fighter - Cristina Aguilera (Mariu Serrano) JINGLAZO
6:30 Az√∫car Amargo - Fey 
8:26 La Incondicional - Luis Miguel (Marquitos)
11:59 La Marcha de San Lorenzo
14:19 Tira para Arriba - Miguel Mateos (David Marchand) JINGLAZO
16:45 Yo No Soy tu Prisionero - Los (Agustina Zelko) Aut√©nticos Decadentes
18:40 Murguita de Sur - Bersuit Vergarabat (Octa) JINGLAZO
21:28 Tu Vicio - Charly Garc√≠a (La Cope)
23:44 No Llores por mi Argentina - Ser√∫ Gir√°n (Cortoplacista) 
25:47 Queen revival
26:11 La Cocher√≠a - Wos (Blasito)
29:15 Bzrp Music Sessions, Vol. 38 - L-Gante (Pedrillom)
32:27 Con una Rubia en el Avi√≥n - Los Ladrones Sueltos (Nico √Ålvarez)
34:59 Samantha - Machito Ponce (Christ Motta)",,13/6/2024,,,,FACHO Y ENANO | F√ÅBRICA DE JINGLES CON MARCOS ARAMBURU,,,
VXds8lxj83M,"1:28 Petovellooooo ""Banana Boat Song Day"" 
3:00 "" Los piratas"" Aut√©nticos decadentes.
5:00 Adelanto de 2 minutos "" ya no sos igual"".
5:40  PEDRO - Raffaella Carr√†
7:00 De Gabi, Fof√≥ y Miliki - ""La gallina turuleca""  
8:44 Un elefante se balanceaba sobre la tela de una ara√±a ü§£
11:00 ""Aurora"" Canci√≥n patria.
12:45 Volver en vino - el Horacio Guarany
15:11 tema "" El oficio de ser mam√°"" de macaferris y asociados. (Lo m√°s turbio que o√≠ hoy)
16:52 Albino va, de Mollo ""El arriero va"" - versi√≥n original de Yupanqui 
21:42 ""Ala delta"" Divididos
24:57 Calamaro - Te quiero igual (ministra del mal)
27:44 Catupecu Machu ""eso vive""
30:13 Dillon - Mu√±ecas
32:58 Nestor en bloque: "" Una calle me separa"" 
Bonus Crack 35:38  ABBA ""Mamma m√≠a"".",,6/6/2024,,,,LECHITA PARA PETRI | F√ÅBRICA DE JINGLES CON MARCOS ARAMBURU,,,
8iAP0K-Csxg,"1:20 Freddie Mercury a capela JINGLAZO PRECARIO
1:42 Tren del Cielo - Soledad Pastorutti
4:01 Todo Cambia - Mercedes Sosa (Mar√≠a Paula Godoy) JINGLAZO
6:10 La Excepci√≥n - Gustavo Cerati (Cortoplacista)
8:34 Perro Amor Expl0ta - Bersuit Vergarabat (Octa) JINGLAZO
12:04 No Se Puede Vivir del Amor - Andr√©s Calamaro (Nico Alvarez)
13:35 Salgan al Sol - Billy Bond y la Pesada del Rock and Roll JINGLAZO
15:16 La Chica del Bikini Azul - Luis Miguel (Marquitos)
17:25 Me Das Cada D√≠a M√°s - Valeria Lynch (Mariu Serrano) JINGLAZO
19:55 M√°s - Ricky Martin (Blasito)
22:06 Fascination - Proper Filthy Naughty JINGLAZO
25:35 Sk8ter Boy - Avril Lavigne (La Cope)
27:31 Locom√≠a - Locom√≠a 
30:23 Pose - Daddy Yankee
32:50 Chupa Chichi - Grupo Felicidad JINGLAZO
36:17 Jurabas Tu - Los del Fuego",,30/5/2024,,,,PETTOVELLOOOO | F√ÅBRICA DE JINGLES CON PEDRO ROSEMBLAT,,,
i_c8dt_XFnk,"1:31 El Ritual de Banana - Los Pericos
3:12 Tema de Piluso - Fito P√°ez JINGLAZO
5:26 Preso en mi Ciudad - Patricio Rey y los Redonditos de Ricota (El Negro Andante) JINGLAZO
7:49 Magia Blanca - Turf (Octa)
9:50 Siguiendo la Luna - Los Fabulosos Cadillacs (Marquitos) JINGLAZO
12:50 Puto - Molotov JINGLAZO PRECARIO
14:20 Los M√©todos Piqueter@s - Las Manos de Filippi
16:14 Cirug√≠a - Dillom (Pedrillom)
18:28 Si Te Vas - Shakira (Mati Mowszet y Malena Cama√±o)
21:29 Rosas - La Oreja de Van Gogh (Mariu Serrano)
23:55 La Luna y el Toro - El Matador JINGLAZO
26:01 P√≠ntame - Elvis Crespo (Blasito)
27:48 Caraluna - Bacilos
29:49 Me Va a Extra√±ar - Ricardo Montaner
32:17 Qu√© tal? - Divididos
34:31 Hallelujah - Leonard Cohen (Cortoplacista) JINGLAZO!!",,23/5/2024,,,,CON LA TUYA | F√ÅBRICA DE JINGLES CON PEDRO ROSEMBLAT Y EL COCO SILY,,,
iUikRI9uykM,"1:15 Sucio y Desprolijo - Pappo (El Negro Andante)
3:51 Loco - Los Aut√©nticos Decadentes 
6:14 Mil Horas - Andr√©s Calamaro (La Cope y Mart√≠n)
7:52 Manu√©l Santill√°n, El Le√≥n - Los Fabulosos Cadillacs (Cortoplacista)
10:16 Vencedores Vencidos - Patricio Rey y sus Redonditos de Ricota
12:23 Se√±or Kioskero - Intoxicados (Octa) JINGLAZO
14:42 Mi Peor Enemigo - Dillom (Marquitos, Pedrillom y Blasito) 
18:32 Bohemian Rapsody - Queen (El Negro Andante)
19:29 Believe - Cher JINGLAZO
22:14 Um dia de domingo - Gal Costa y Tim Maia (Mar√≠a Paula Godoy)
24:46 Inevitable - Shakira (Mariu Serrano) JINGLAZO
27:00 Qui√©n Va A Cantar - Rub√©n Rada 
28:26 Burbujas de Amor - Juan Luis Guerra JINGLAZO
30:46 Cumbiera Intelectual - Kevin Johansen JINGLAZO
33:30 Comadre Compadre - Los Fatales (El Hui√±a)
35:45 Picky - Joey Montana (Blasito)",,16/5/2024,,,,SE√ëOR VOCERO | F√ÅBRICA DE JINGLES CON PEDRO ROSEMBLAT,,,
9GOe22pqrS8,"3:42 Don - Miranda
6:11 Solo Aqu√≠ - Airbag (La Cope y Clara)
7:47 Loco un Poco - Turf (Octa)
11:04 Mil horas - Los Abuelos de la Nada 
13:04 Lago en el Cielo - Gustavo Cerati (Marcos)
16:15 Argentina - Trueno / Nathy Peluso (Pedrillom / Pedrueno)
20:14 Escuchen, corran la bola 
21:00 Tu Reputaci√≥n - Arjona (El Negro Andante)
23:26 Garota de Ipanema - Vin√≠cius de Morais (Mar√≠a Paula Godoy) (am√© este jingle!)
25:06 Gracias a la Vida - Violeta Parra 
27:40 Gracias a la Vida - Violeta Parra (ahora si completo) (este jingle tambi√©n me encant√≥)
29:40 Volver a Empezar - Alejandro Lerner (Blasito) (el √∫nico Lerner que vale la pena)
32:06 No Woman No Cry - Bob Marley (No Conan No Hay sos un capo!)
35:11 √Åguas de Mar√ßo - Elisa Regina / Tom Jobim (Mariu Serrano y Cortoplacista)
37:56 Shake it Off - Taylor Swift (Mati Mowszet)
40:07 Dale vieja dale - Ulises Bueno (el jinglero de los Caligaris)
41:55 Mil horas - Los Abuelos de la Nada",,2/5/2024,,,,"NO, CONAN NO HAY | F√ÅBRICA DE JINGLES CON PEDRO ROSEMBLAT",,,
iMvADI6vwzA,"2:23 Wadu-Wadu - Virus
3:44 Yo no me sentar√≠a en tu mesa  - Los Fabulosos Cadillacs (Juan Mart√≠n VK)
5:32 El Estudiante - Los Twist (Negro Andante)
9:40 Magoo - Eruca Sativa (Mariu Serrano)
11:18 Pi√±a va, Pi√±a viene - 2 minutos ( #FreeMarcos ) JINGLAZO
15:11 Inconsciente colectivo - Charly Garc√≠a (Tito sin censura)
18:41 Campanas en la noche - Los Tipitos (Cortoplacista)
21:24 El Fantasma - √Årbol (Octa)
24:18 Tierra Santa - Trueno (Pedrillom)
27:54 Cuando nadie me ve - Alejandro Sanz 
30:45 Ag√ºita - R√°faga (La Cope)
32:37 Don‚Äôt you want me baby - The Human League (Mariu Serrano y Blasito) JINGLAZO
36:01 YMCA - Village People (No Importa Mariposas) JINGLAZO
38:00 La Morocha - Luck Ra & BM (Mati y Hector Cama√±o) JINGLAZO
40:11 El Murguero - Los Aut√©nticos Decadentes (Blasito Ferrari)",,25/4/2024,,,,PILAS VAN PILAS VIENEN | F√ÅBRICA DE JINGLES CON PEDRO ROSEMBLAT,,,
F-VtkbCe7SI,"1:30 La Bolsa - La Bersuit JINGLAZO
3:45 Avanti Morocha - Caballeros de la Quema (El Negro Andante)
7:47 Me Gustas Mucho - Viejas Locas JINGLAZO
9:42 Yo me quiero casar y Ud? - Turf (La Cope y Mati)
12:16 Algo contigo - Vicentico (Blasito Ferrari) JINGLAZO
15:24 Asesiname - Charly Garc√≠a (Octa)
17:33 No soy un extra√±o - Charly Garc√≠a 
19:15 Ya no sos igual - 2 minutos ( #FreeMarcos ) JINGLAZO
22:22 Loco en el desierto - Conociendo Rusia (Tito sin censura) JINGLAZO
26:26 Flores Amarillas - Floricienta (Mariu Serrano)
28:21 Tu falta de querer - Mon Laferte (Mariu Serrano)
30:27 Beautiful - Tan Bionica (Octa + El Jinglero de Los Caligaris)
32:22 Dance Crip - Trueno (Pedrillom)
35:25 La gota fr√≠a - Carlos Vives (Cortoplacista) JINGLAZO
38:13 Colgando en tus manos - Marta S√°nchez (Mariu Serrano y Blasito) JINGLAZO",,18/4/2024,,,,#FREEMARCOS: LA F√ÅBRICA DE JINGLES | INDUSTRIA NACIONAL CON PEDRO ROSEMBLAT,,,
6EEhQHWjhl4,"2:19 Gordo flaco de Wos y Catriel (Blas Ferrari)
- 4:14 Biscochito de Rosalia (Mariu Serrano)
- 6:00 Vivir asi es morir de amor de Nati Peluso
- 7:28 11 y 6 de Fito Paez
- 8:58 El tesoro √âl Mat√≥ a un Polic√≠a Motorizado (Marcos Aramburu)
- 11:02 Como la cigarra de Maria Elena Walsh (Lautaro Alvarez alias Cortoplacista)
- 13:16 Parque acuatico de El Kuelgue (Pedro Alonso alias Pedrillom)
- 15:40 Prima lejana de Los Autenticos Decadentes ( Matias Quintas alias Negro Andante)
- 17:25 Departamento deshabitado de Intoxicados  (Octavio Gencarelli)
- 19:41 Vos sab√©s de Los Fabulosos Cadillacs (Marcos Aramburu y Pedro Rosemblat)
- 21:30 Tira para arriba de Miguel Mateos & Zas.
- 23:25 La bestia pop de Patricio Rey y sus Redonditos de Ricota
- 25:14 El extra√±o de pelo largo de La joven guardia
- 26:40 Libre de Nino Bravo (Marcos Aramburu)
- 28:28 Another Brick in the Wall (Parte 2) de Pink Floyd (¬øLa Mafia Jinglera?)
- 31:37 Mon amour de Slimane",,11/4/2024,,,,F√ÅBRICA DE JINGLES: EL REGRESO | INDUSTRIA NACIONAL CON PEDRO ROSEMBLAT,,,
mnpgvHK3yWc,"3:39 Wannabe - Spice Girls
5:52 Girls just want to have fun - Cyndi Lauper
8:50 This is the rhythm of the night - Corona
10:37 Get Lucky - Daft Punk
14:00 Ayer te vi - Loueta ft. Zoe Gotusso 
17:03 D√≠ganselo - El Kuelgue
19:34 Un Osito de Peluche de Taiwan - Los Aut√©nticos Decadentes (BLASITO)
22:45 Pronta Entrega - Virus (PEPE!)
26:28 Alta Suciedad - Andr√©s Calamaro (MARQUITOS)
30:52 La primera - Dillom (PEDRILLOM)
38:43 La fama - Rosal√≠a
41:12 Caraluna - Bacilos
44:18 El Muerto se fue de Rumba - Las Sabrosas Zarig√ºellas 
46:29 You can‚Äôt always get what you want - Rolling Stones 
48:40 Dejame Llorar - Ricardo Montaner (VIVI)
50:27 Todos Me Miran - Gloria Trevi
52:40 Hang Out - Madonna
56:25 Que ganas de no verte nunca m√°s - Valeria Lynch
1:00:30 Una amigo es una luz - Enanitos Verdes",,16/11/2023,,,,LA √öLTIMA F√ÅBRICA DE JINGLES | TRES ESTRELLAS CON PEDRO ROSEMBLAT,,,
RO-T90odgAM,"1:49 TODOS CON EL CELU - LOUTA
4:25 EL GATO VOLADOR (VERSION KIDS) - EL CHOMBO
6:24 EL REINO DEL REVES - MARIA ELENA WALSH
8:40 TAMOS CHELO - EL NOBA
11:10 QUE A PASAO - BIG APPLE
13:23 TOMATE EL PALO - MISS BOLIVIA
15:02 UNA NUEVA NOCHE FRIA - CALLEJEROS
19:11 DESENCUENTRO - ALMAFUERTE
21:17 A VECES VUELVO - CATUPECU MACHU
23:22 BUSCANDO UN S√çMBOLO DE PAZ - CHARLY GARCIA 
27:34 NADA ES PARA SIEMPRE - FABIANA CANTILO
30:58 ZI ZI ZI - LA BERSUIT
33:50 CHACAREREAN PARA MASSA 
36:31 SOLO LE PIDO A DIOS - LE√ìN GIECO
40:00 SHAKE IT OFF (VERSION CUMBIA) - TAYLOR SWIFT
42:06 GANGNAM STYLE -  PSY
44:21 DUDADE - DILLOM 
47:15 LO MEJOR DEL AMOR - RODRIGO
50:40 QUE IRONIA - RODRIGO 
52:33 TODO CAMBIA - MAN RAY
54:03 CROSSOVER #2 - BIG ONE, FMK Y KE PERSONAJES 
56:29 DILE - DON OMAR
59:00 YO TOMO LICOR -  AMAR AZUL",,9/11/2023,,,,LA PREVIA AL FESTIVAL DE JINGLES | TRES ESTRELLAS CON PEDRO ROSEMBLAT,,,
ZF6aG604lO8,"2:07 De la Calle - Mala conducta
3:35 Don Omar - Hooka
4:58 La Joaqui - DJ Tao turrreo sessions
6:55 Altos Cumbieros - La colaless
8:51 Damas Gratis y L-Gante - Perrito malvado 
11:29 Don Omar - Pobre diabla
14:05 Bad Bunny - Tit√≠ me pregunt√≥
18:09 Dillom - Rocketpowers
21:40 C Tangana - Los tontos
23:54 Vicentico - Se despierta la ciudad
26:09 La Vela Puerca - El viejo
30:00 Tanta gloria tanto f√∫tbol (jingle Quilmes Mundial 2002)
31:55 Zambayonny - No pude dejar la paja
34:00 Vilma Palma - La pachanga
35:31 Amy Winehouse - Rehab
37:21 Taylor Swift - You need to calm down
40:31 Karol G y Nicki Minaj - Tusa
43:04 DLG - La quiero a morir
45:30 Los Fatales - Bicho bicho
47:12 Los Totora - M√°rchate ahora
49:38 Mach & Daddy - P√°same la botella",,2/11/2023,,,,JINGLES DE MATIN√â | TRES ESTRELLAS CON PEDRO ROSEMBLAT,,,
4meZ-HCCpks,"3:32  LA PREGUNTA - J ALVAREZ
5:44  PAJARITOS EN EL AIRE - YANDAR Y YOSTIN
7:37 BABY ONE MORE TIME - BRITNEY SPEARS
8:57 ONE MORE TIME - DAFT PUNK
11:17 NEVER GONNA GIVE YOU UP - RICK ASTLEY
13:17 LIKE A VIRGIN - MADONNA
15:43 PIENSO EN TU MIR√Å - ROSALIA
18:52 NO ES LO MISMO - ALEJANDRO SANZ
21:29 PISO 13 - PEDRILLOM
24:12 DURAZNITO -PIBES CHORROS
27:23 INTERNATIONAL LOVE - FIDEL NADAL
29:38 MUCHACHOS
32:19 LA FLOR MAS BELLA - MEMPHIS LA BLUSERA
34:37 LOS VIEJOS VINAGRES - SUMO
37:34 TRENES CAMIONES Y TRACTORES - ARBOL
42:28 DOS DIAS EN LA VIDA (THELMA Y LOUISE) - FITO PAEZ
45:43 ILARIE - XUXA
49:14 GENIO ATRAPADO - CHRISTINA AGUILERA
51:51 SU FLORCITA - AGRUPACION MARILYN
54:57 FUEGO Y PASION- RODRIGO
57:35 LA SOLEDAD - BERSUIT VERGARABAT",,26/10/2023,,,,JINGLES DE BOLICHE | TRES ESTRELLAS CON PEDRO ROSEMBLAT,,,
MCPG1yXdlxs,"3:11 MADONNA - MATERIAL GIRL (MILEI)
5:03 BAD BUNNY - ME PORTO BONITO (MASSA)
7:09 DON OMAR - HASTA ABAJO (BULLRICH)
8:55 LA JOAQUI - BUTAKERA (BREGMAN)
11:16 YSY A - TAMO LOCO (MASSA)
13:43 BAD GYAL - CHULO (NULO)
16:00 DILLOM - POSTMORTEM (MILEI)
20:18 CALLE 13 - LATINOAM√âRICA (MASSA)
22:58 LE√ìN GIECO - OROSCO (MASSA) 
25:23 LOS REDONDOS - ME MATA LIM√ìN (MILEI)
27:35 DIVIDIDOS - SALIR A VOTAR (MASSA)
29:21 LOS REDONDOS - JUGUETES PERDIDOS (MASSA)
34:48 MASSACHUSETTS (FEAT. CALLE) YLVIS (KICILLOF)
36:52 BERSUIT VERGARABAT - EL GORDO MOTONETA (MASSA)
41:32 LA VELA PUERCA - JOS√â SAB√çA (MASSA)
45:56 VOX DEI - G√âNESIS (MASSA) 
51:19 DRAGONBALL (MASSA)
53:17 LOS AUT√âNTICOS DECADENTES - VEN√ç RAQUEL (MILEI)
55:29 BACILOS - MI PRIMER MILL√ìN (BREGMAN)
59:03 LA BARRA - UN MILL√ìN DE ROSAS (SCHIARETTI)
1:02:50 GILDA - PAISAJE (MASSA)",,19/10/2023,,,,Last dance?,,,
K3A_ujCp84k,"2:46  OPUS - LIFE IS LIFE (MASSA) 
4:08 2 MINUTOS - YA NOS SOS IGUAL (MASSA)
5:30 LADY GAGA - RADIO GAGA (MARRA)
7:37 INTOXICADOS - UNA VELA (MASSA) 
10:32 EL DOCTOR - 30 MIL PE$OS (MASSA)
12:15 CRIS MJ - UNA NOCHE EN MEDELL√çN (BREGMAN)
13:52 DUKI - GIVENCHY (MASSA)
15:37 PATRICIA SOSA - APRENDER A VOLAR (MASSA
18:10 LOS PIOJOS - VERANO DEL 92 (MASSA)
21:17 GILDA - CORAZ√ìN VALIENTE (MASSA)
23:06 RODRIGO - OCHO CUARENTA (MASSA)
26:19 KE PERSONAJES - YA NO VUELVAS (KICILLOF)
29:04 EL CUARTETO DE NOS - YENDO A LO DE DAMI√ÅN (MASSA)
34:13 SUPER H√âROES (BULLRICH)
37:23 EL MAT√ì - M√ÅS O MENOS BIEN (MASSA)
40:23 GUSTAVO CERATI - CRIMEN (MASSA) OCTA 
43:19 PAPPO - JUNTOS A LA PAR (MASSA)
44:40 SUI GENERIS - BIENVENIDOS AL TREN (MASSA)
45:52 THE BEATLES - TAXMAN (MASSA)
48:39 DILLOM - SIDE (BULLRICH)
51:57 EL VIOLINISTA EN EL TEJADO (BREGMAN)
53:43 LIL CAKE - EL MERCHO (MASSA)
55:49 PEPAS - FARRUKO (MASSA)",,12/10/2023,,,,Preparame la boleta,,,
yhfXLNo6XkA,"2:16 HIGHWAY TO HELL - ACDC - JAVIER MILEI 
4:35 AMISTADES PELIGROSAS - ME HACES TANTO BIEN (MASSA) 
6:41  LOS CHANCHALEROS - ZAMBA DE MI ESPERANZA (MARRA)
8:18  VIEJAS LOCAS - QU√â VAS A HACER TAN SOLA HOY (MASSA)
10:09 DILLOM - RILLI (KICILLOF) 
12:47 LA DELIO VALD√âS - INOCENTE (MASSA)
14:50 LOS CHARROS - AMORES COMO EL NUESTRO (MASSA)
16:36 CHACHO CASTA√ëA - VOLVI√ì EL MATADOR
18:38 BULLIRCH - ELLA DIJO (ESTELARES) 
20:57 CA7RIEL Y PACO AMOROSO - OUKE (MASSA) //  MOLOTOV - GIVE ME EL POWER
25:53 VILLANO ANTILLANO - BIZARRAP MUSIC SESSION (MILEI)
28:27  NEK - LAURA NO EST√Å (MASA)
31:03 ENRIQUE IGLESIAS - EXPERIENCIA RELIGIOSA (MILEI)
33:55 BREGMAN - CUMBIA
35:40 LOS PIOJOS - COMO ALI (MASSA)
37:33 NINO BRAVO - UN BESO Y UNA FLOR (MASSA)
40:49 CABLE A TIERRA - FITO (MASSA) OCTA 
42:36 BERSUIT - MURGUITA DEL SUR (BULLRICH)
44:42 LOS REDONDOS - JIJIJI (MILEI)
46:46 CA7RIEL Y PACO AMOROSO - OUKE (MASSA) 
49:45 EUROPE - THE FINAL COUNTDOWN (MASSA)",,5/10/2023,,,,Jingles,,,
66-W4t1AVQk,"3:15 - RICKY MARTIN - LIVIN¬¥LA VIDA LOCA - PJ
5:51 - SHAKIRA - PIES DESCALZOS - BULLRICH 
7:56 - NATHY PELUSO CON BIZZA- LA SESI√ìN  - MASSA
11:09 - CHARLY GARC√çA - RELOJ DE PLASTILINA -  MASSA
13:23 - CALAMARO - LA PARTE DE ADELANTE - MARRA (MARCOS)
15:50 - RUBEN RADA - A PARTE DE TI TU BOCA - MASSA (CORTOPLACISTA) 
18:42 - LOS FABULOSOS CADILLACS - DEMASIADA PRESI√ìN - MASSA   
21:12 - DILLOM - HEGEM√ìNICA - BREGMAN
23:20 - DUA LIPA - SCHIARETTI (MARIU SERRANO)
25:35 - ALFREDO CASERO - PIZZA CONMIGO - MASSA
28:32 - ARJONA - HISTORIA DE UN TAXISTA - MASSA 
30:19 - BANDALOS CHINOS - EL CLUB DE LA MONTA√ëA - BULLRICH
32:58 - WOS - CANGURO - (ANTI)MILEI (BLAS FERRARI) 
37:39 - LUIS MIGUEL - AHORA TE PUEDES MARCHAR -  MASSA
40:49 - LA PORTUARIA - SELVA - BREGMAN  
42:31 - LA BERSUIT - EL TIEMPO NO PARA - MASSA? - (OCTAVIO) 
47:08 - RICKY MARTIN - MAR√çA - BULLRICH (IVANA) 
49:33 - SERRAT - MEDITERR√ÅNEO - MARRA (BLAS FERRARI)
51:14 - RAFAELA CARR√Å - PARA HACER BIEN EL AMOR - MASSA  
52:54 - LOS CHUNGUITOS - ME QUEDO CONTIGO - KICILLOF (NEGRO ANDANTE)
55:21 - CATUPECU MACHU - MAGIA VENENO - MASSA
57:26 - LOS RODR√çGUEZ - PARA NO OLVIDAR - MASSA (JUAN STAGNO)
59:06 - DUKI - MALBEC - JUAN SCHIARETTI",,28/9/2023,,,,Cinturon negro,,,
kzyYXxW2TL8,"3:08 - BABAS√ìNICOS - LA LANZA - MASSA 
5:18 - DILLOM - PELOTUDA - MILEI 
8:45 - SANDRO - PORQUE YO TE AMO - MASSA
12:18 - DUKI, EMILIA TIAGO - LOS DEL ESPACIO - BULLRICH
13:48 - LOS PIOJOS - TAN SOLO - SANTORO
16:30 - LA BERSUIT - LA ARGENTINIDAD AL PALO - MASSA
21:37 - BEBITO FIU FIU - MILEI 
22:22 - BABAS√ìNICOS - RISA - SCHIARETTI
24:02 - TURF - YO NO ME QUIERO CASA - MASSA
26:34 - DE LA CALLE - RE LOCO - MILEI
27:39 - TITA MERELLO - SE DICE DE MI - FIT 
31:15 - HAY UN PALO EN EL FONDO DE LA MAR - BULLRICH 
33:40 -  LUIS MIGUEL - LA INCONDICIONAL - BULLRICH 
36:30 - LUCKRA - LA MOROCHA - MASSA 
37:50 - SUI G√âNERIS - EL FANTASMA DE CANTERVILLE - MASSA
41:16 - FABIANA CANTILO - MARY POPPINS Y EL DESHOLLINADOR - BULLRICH
44:00 - INTOXICADOS - FUEGO - MILEI 
47:35 - GYPSY KINGS - EL TORO Y LA LUNA - SANTORO
48:25 - MILO J - RARA VEZ - MASSA 
50:03 - AZ√öCAR MORENO - SOLO SE VIVE UNA VEZ - MASSA
52:20 - FITO P√ÅEZ - TUMBAS DE LA GLORIA - MASSA",,21/9/2023,,,,La venganza de Marcos,,,
aUEvL-VZC4U,"1:58 Resumen post PASO - Luz delito - Wos 
4:06 Milei - Los Salieris de Charly
5:57 Massa - Bossa & People - El Kuelgue 
8:05 ''A todos menos a Milei'' - Estoy aqu√≠ - Shakira 
9:40 Massa - Bad Bunny 
12:03 Milei - Legalizaci√≥n - Ska-P 
14:20 Massa - Promesas sobre el Bidet - Charly Garc√≠a
16:01 Grindetti - Paisano de Hurlingham - Divididos 
17:42 Massa - Nunca quise - Intoxicados
20:21 Milei - Loco (Versi√≥n metalera) - Los Aut√©nticos Decadentes 
22:34 Massa - Medalla de oro - El Mato a un Polic√≠a Motorizado 
24:20 Massa - Sr Cobranza - Las Manos de Filippi 
29:35 Massa -  That's What I Like - Bruno Mars
31:32 Bregman -  No quiero ser tu amigo - C√©sar Banana Pueyrred√≥n 
33:44 Massa - 1, 2, Ultraviolento! - Los Violadores 
36:04 Bregman - Pity
38:05 Massa - La rubia tarada - Sumo
40:44 Kicillof - Ment√≠a - Miranda
42:15 Schiaretti - El Sensei - Las Pastillas del Abuelo
45:50 Massa - Parque acuatico - El Kuelgue
47:18 Massa - Bancate ese defecto - Charly Garcia
49:34 Massa - I Will Survive - Gloria Gaynor
51:53 Massa - Aserej√©- Las Ketchup",,14/9/2023,,,,Volvio la fabrica,,,
TnzD5pesS6Q,"Mejor Jingle de Massa 12:00
5 Jingles Ineditos
La Bilirubina - Juan Luis Guerra - Grabois  20:00
La quiero a morir - DLG - Moreno - 22:30
Xuxa - Todo el mundo esta feliz - FIT Bregman - 24:50
Lose Yourself to Dance - Daft Punk - Milei - 26:00
No voy en tren - Charly Garcia - Grabois - 28:00
Mejor Jingle de Larreta / Bullrich 32:00
Mejor Jingle de Moreno 38:00
5 Jingles Ineditos
Mil Horas - Andres Calamaro - Moreno - 45:10
Mundo ideal - Alladin -  Milei - 48:10
Take on me - Aha - Brabois - 50:10
Lollipop - Viudas e Hijas - Kicillof - 52:35 
Azul - Cristian Castro - Massa - 54:30
Mejor Jingle del FIT - 1:00:50
Mejor Jingle otros candidatos - 1:08:50
5 Jingles Ineditos
Una Vela - Intoxicados - Bregman - 1:18:30
Intro de Dragon Ball - Massa - 1:20:30
Toco y me voy - La bersuit - Massa - 1:22:50
La Cumbia - Porque te Amo - Moreno - 1:25:05
Babasonicos - Microdancing - Fondo Monetario Internacional - 1:27:05
Mejor Jingle de Milei - 1:38:05
Mejor jingle de Grabois - 1:49:50
5 Jingles Ineditos
Fito Paez - Mariposa tecknicolor  - Lousteau - 2:09:50
Me Matan Lim√≥n! - Los Redondos - Grabois - 2:11:10
Canci√≥n de Hollywood - Seru Giran- FIT - 2:12:30
T√∫ Me Dejaste De Querer - Tangana - Massa - 2:14:25
El chico de la tapa - Fito Paez - Grabois - 2:16:40
Jingle de ORO 2:29:30",,13/8/2023,,,,La Vedada,,,
0TzNa-0MYMk,"2:04 INTERNA UP/SERGIO MASSA LOS CALIGARIS - NADIE ES PERFECTO  
4:32 MILEY  RICARDO RUBEN - LOS TWIST 
6:10 GUILLE MORENO ESTELARES - UN D√çA PERFECTO 
7:56 LARRETA LEO MATTIOLI - TRAMPOSA Y MENTIROSA 
10:32 MYRIAM BREGMAN ES JUD√çA - MOLDAVSKY    
12:21 GRABOIS LA INDIA - QUE GANAS DE NO VERTE NUNCA M√ÅS 
14:03 JULIOBARBARO RAPHAEL - ESC√ÅNDALO 
15:21 MORENO V√çCTOR HEREDIA - TODAV√çA CANTAMOS (MODO TVR) 
17:21 MASSA UN X 100TO -GRUPO FRONTERA Y BAD BUNNY 
19:00 SOLANO Y RIPOL LOS TURROS - HASTA QUE SALGA EL SOL 
20:28 GRABOIS MAMBR√ö - A VECES GANO 
22:13 ALEJANDRO KIM AITANA Y ZOILO - MON AMOUR  
23:36 MILEI CARLOS PUEBLA - HASTA SIEMPRE COMANDANTE (VERSI√ìN MURGA URUGUAYA) 
25:43 MASSA GILDA - CORAZ√ìN VALIENTE  
27:40 GUILLE MORENO DADDY YANKEE - GASOLINA
28:55 MART√çN LOUSTEAU LOS TWIST - EL ESTUDIANTE
30:06 SCHIARETTI ILLIA KURIAKY & THE VALDERRAMAS JENNIFER DEL ESTERO
31:28 SANTORO LOS FABULOSOS CADILLAC - VASOS VAC√çOS  
33:30 GRABOIS MEMPHIS LA BLUSERA -  LA BIFURCADA
36:29 GRAHAM BAJAN - SPINETTA
37:53 BREGMAN - SAMMY Y FALSETTO - YO SE QUE TU QUIERES
39:10 KICILLOF CHARLY GARCIA - CHIPI CHIPI
40:36 GRABOIS TAN BIONICA - ARRUINARSE
42:51 MORENO SANDRO - DAME FUEGO
43:54 MILEI SERU GIRAN - MIENTRAS MIRO LAS NUEVAS OLAS
46:43 CASTA√ëEIRA LUIS MIGUEL - SER√Å QUE NO ME AMAS 
48:07 MASSA CRISTIAN CASTRO - LLOVIENDO ESTRELLAS
49:32 KICILLOF CIVILIZACI√ìN - LOS PIOJOS
50:38 GRABOIS OASIS - WONDERWALL
52:54 MALENA GALMARINI ARJONA - MUJERES
54:16 ROSEMBLAT/OFELIA LA MOSCA - MUCHACHOS, ESTA NOCHE ME EMBORRACHO
56:08 MILEI LA RENGA - PANIC SHOW
57:30  MORENO  DLG - LA QUIERO A MORIR
59:35 GRABOIS LOS REDONDOS -  MI PERRO DINAMITA
1:01:35 BONUS TRACK FITO PAEZ - BRILLANTE SOBRE EL MIC",,10/8/2023,,,,Antes de las generales,,,
FiO0rJDZnHA,"0:00:00 PRESENTACI√ìN - USA For Africa - We Are The World
0:02:00 MYRIAM BREGMAN - Laura Branigan - Gloria
0:03:44 SERGIO MASSA - Eslab√≥n Armado & Peso Pluma - Ella Baila Sola
0:05:09 PATRICIAL BULLRICH - Bizarrap - Nathy Peluso: Bzrp Music Sessions, Vol. 36
0:07:30 JUAN GRABOIS - La Adicci√≥n - Como te voy a olvidar
0:09:22 JAVIER MILEI - O-Zone - Dragostea Din Tei
0:10:44 MANUELA CASTA√ëEIRA - Gypsy Kings - Bamboleo
0:12:25 HORACIO LARRETA -  Sui Generis - Rasgu√±a las piedras
0:13:47 SERGIO MASSA - El Cuarteto de Nos - El hijo de Hern√°ndez
0:16:07 MART√çN LOUSTEAU - Soda Stereo - Pr√≥fugos
0:17:37 SERGIO MASSA - Miranda! - Prisionero
0:19:27 JUAN GRABOIS - Raffaella Carr√† - Hay Que Venir Al Sur
0:20:42 AXEL KICILOFF - Alejandro Sanz - Coraz√≥n part√≠o
0:21:58 JAVIER MILEI - Xuxa - Ilari√©
0:23:11 GUILLERMO MORENO - Charly Garc√≠a - Raros Peinados Nuevos
0:24:54 PATRICIA BULLRICH - Vilma Palma e Vampiros - La pachanga
0:26:12 MYRIAM BREGMAN - Kapanga - El Mono Relojero
0:27:43 SERGIO MASSA - F√°brica de Canciones (Leandro Aspis y Charly Valerio) - Jingle ""Uno nunca sabe""
0:30:12 JUAN GRABOIS - Soda Stereo - T√© para 3
0:32:12 GUILLERMO MORENO - Patricio Rey y Sus Redonditos de Ricota - La Hija del Fletero
0:34:10 SERGIO MASSA - Paulina Rubio - Ni una Sola Palabra
0:35:58 VOTO EN BLANCO - Gypsy Kings - Volar√©
0:37:15 JUAN GRABOIS - Sui Generis - Quiz√°s, porque
0:38:37 EL MARIDO DE PAMPITA & JORGE MACRI - Vicentico - Los Caminos de la Vida
0:40:08 CAROLINA PIPARO - Olivia Newton-John - Physical
0:41:23 SERGIO MASSA - Mar√≠a Becerra - OJAL√Å
0:42:51 JUAN GRABOIS - Los Lunes - Una Canci√≥n de Despedida (Metal version)
0:44:43 HORACIO LARRETA - Los Padrinos M√°gicos  - Opening
0:45:47 JAVIER MILEI - Mancha de Rolando - Arde la Ciudad
0:48:43 JUAN SCHIARETTI - Charly Garcia - Fantasy
0:49:49 (ANTI) JAVIER MILEI - Village People - YMCA
0:51:24 JUAN GRABOIS - Fito P√°ez - Mariposa Tecknicolor
0:52:59 PATRICIA PULLRICH - 2 Minutos - Ya No Sos Igual
0:54:55 JUAN GRABOIS - Soda Stereo - De m√∫sica ligera
0:56:08 JUAN GRABOIS - La Mosca Tse-Tse - Yo Te Quiero Dar
0:58:01 SERGIO MASSA - Turf - Casanova
1:00:15 ALEJANDRO KIM  - Thalia - A Quien Le Importa
1:02:52 JUAN GRABOIS - Los Piojos - Marado",,3/8/2023,,,,Jingles de platino,,,
oWvPW0n3KsY,"1:20 Aqua - Barbie girl x Juan Grabois
2:28 Chayanne - Prov√≥came x Javier Milei (lvl god)
4:12 DILLOM - OPA x Sergio Massa
5:05 TAN BIONICA - La Melodia de Dios x Guillote Moreno (lvl god)
6:41 NATHY PELUSO - BUENOS AIRES x Santoro 
8:28 El S√≠mbolo - La Isla del Sol x Lousteau (lvl god)
10:42 Los Piojos - Mu√©velo x Juan Grabois
12:54 ................... x Sergio Massa 
14:24 The Beatles - Yellow Submarine x Patricia Bullrich
15:40 Turf - Cuatro personalidades x Juan Grabois
17:44 BEN 10 (2005) - INTRO x Juan Grabois
19:19 ................. x Solano (lvl god)
21:19 MIRANDA! - Fantasmas x Sergio Massa
22:38 El mat√≥ a un polic√≠a motorizado - El Tesoro x Juan Grabois 
24:40 Rodrigo Tapari - Es Tan Grande Este Amor x Juan Grabois 
25:42 Compay Segundo - Guantanamera x Guillote Moreno
27:22 Charly Garc√≠a - Los dinosaurios x Javier Milei (lvl god) 
29:22 ................. x Axel Kicillof 
30:19 FITO PAEZ - Al lado del camino x Sergio Massa 
32:05 Chayanne - Torero x Guillote Moreno (lvl god)
33:21 Bajo el mar - La Sirenita x Juan Grabois
34:55 El Sapo Pepe - Canciones de la Granja de Zen√≥n x Juan Grabois
35:58 Stevie Wonder - Part Time Lover x Axel Kicillof
37:06 Ke Personajes, FMK, Big One - Un Finde x Patricia Bullrich 
37:53 Fabiana Cantilo - Ya Fue x  Javier Milei 
39:43 Leo Garcia - Morrisey x Javier Milei 
40:56 WOS - TERRAZA x Sergio Massa (lvl god)
42:06 Erasure - Oh L'Amour x Juan Grabois 
43:11 La Oreja de Van Gogh - Rosas x Juan Grabois 
45:06 La Konga - UNIVERSO PARALELO x Bregman Del Ca√±o
46:35 Pimpinela - Olvidame y Pega La Vuelta x Sergio Massa (lvl god) 
49:04 Shakira - Ciega, Sordomuda x Juan Grabois
51:02 Los Abuelos De La Nada - Cosas Mias x FIT Gabriel Solano? 
53:29 Lali - Disciplina x Sergio Massa",,27/7/2023,,,,Argentinidad al palo,,,
x1eo6DDr7pU,"1:17 Moreno / Natalia Oreiro - Tuve tu veneno (@juangrabina)
2:52 Grabois / Yerba Brava - La cumbia de los trapos
4:35 Kicillof/ Manuel Wirtz - Rescata mi coraz√≥n
5:59 Grabois/ Charly - Pecado mortal/pegando abajo - (Lautaro √Ålvarez/@cortoplacista)
8:16 ? / Wos - Arranc√°rmelo (Octa Genca)
9:29 Milei / Babas√≥nicos - Y qu√©? (Juan Stagno/@juanstagno8622)
10:30 Grabois / Ataque 77 - S√© que vos me am√°s (Octa Genca!)
12:11 Massa / Michel Tel√≥ - Ai se eu te pego
13:52 Bullrich / Pappo - Mi vieja (Marcos)
15:24 Kicillof / Haddaway - What is love
16:36 Larreta / Fito - Un vestido y un amor (Marcos)
18:36 Kicillof /  El mat√≥ a un polic√≠a motorizado - El tesoro (Miguel?)
20:35 Massa o Grabois / Babas√≥nicos - Putita (Octa Genca)
21:44 Grabois / Los fabulosos Cadillacs - Matador
23:35 Massa / Soda Stereo - Zona de Promesas (est√° mal votar a un neoliberal pero peor es votar al pelado)
25:19 Grabois / La T y la M (@gaelgomezei)
27:17 Milei / Miranda - Yo te dir√© (grupo vocal <3)
30:48 Massa / Virus - recordando tu expresi√≥n
32:28 Mempo Giardinelli / Victor Heredia - Fogata de amor
33:52 Bullrich / Marolio
35:24  Massa / Calamaro - Tuyo siempre
38:25  Massa / Luis Miguel - Suave
40:13 Grabois / La Renga - El Revelde/Caminito 
41:28 Moreno / Los enanitos verdes - Un amigo es una luz (Ivana)",,20/7/2023,,,,Edicion Deluxe,,,
sPskv8cgccg,"2:30 - Ramal / Marcos 
3:51 - Casta√±eira / Marcos - La chica del Bikini Azul
5:05 - C√∫neo / Marcos - Cinema Verit√©
6:30 - Lousteau / Ivana
7:35 - Massa / Prod.3 Estrellas (feat Negro Andante) 
9:07 -  ? /La Renga - Balada del Diablo y la Muerte
10:46 - Milei / chiquititas - La Edad del Pavo
12:03 - Massa / Nino Bravo - Un beso y una flor
12:45 - Grabois / Ser√∫ Gir√°n - La grasa de las capitales (Lautaro Alvarez/@cortoplacista) POR DIOS QU√â HERMOSO
15:04 - Massa / Bandana - Llega la noche (√≠dolas)
17:21 - Massa / Calamaro - Flaca
18:17 - Massa  / Frank Sinatra - I love you baby (antes era traidor, pero ahora no)
18:53 - Massa / Iorio
20:11 - Grabois / Los Redondos - La bestia pop
21:31 - Massa / 2 minutos - Ya no sos igual
22:04 - Grabois / Los Aut√©nticos Decadentes - La Guitarra <3
23:30 - Grabois / Fito P√°ez - Fue amor <3 se pasan
24:51 - Casta√±eira / Los del R√≠o - Macarena
25:24 - Grabois / Ser√∫ Gir√°n - Seminare
27:03 - Grabois / Charly - Yo no quiero volverme tan loco
27:38 - Massa / Moris - El oso
28:55 - Massa(Grabois) / ? <3 (lo voto a Massa...pero me encantar√≠a votaarte a vos, Juan Grabois)
30:20 - Grabois / Shakira - Pa tipos como t√∫
31:04 - Grabois / Mar√≠a Becerra - Adio
32:23 - Massa / Silvio Rodriguez - La maza <3 <3 <3 <3 <3
34:07 - Grabois / Emmanuel Horvilleur - Ll√°mame",,13/7/2023,,,,La fabrica de los mejores jingles,,,
HBaMt4otcAU,"1:17:10 - PASO (Grabois y Massa) / (?)
1:18:13 - Grabois / (?)
1:19:11 - Massa (por la negativa) / Wos (a guitarra)
1:19:59 - Grabois / Los Pericos (full estudio)
1:21:20 - Massa y el FMI / Celia Cruz
1:22:00 - Grabois / Gilda (acoustic version)
1:23:16 - Moreno / Babas√≥nicos
1:24:08 - Wado / Enanitos verdes
1:25:02 - Grabois / Virus (musicalizado con ruiditos)
1:26:13 - Santoro / Ilya Kuryaki and the Valderramas
1:27:57 - Grabois / (?)
1:29:04 - Massa y Kicilof (con beef) / √Årbol
1:29:49 - Grabois / Soda Stereo (modo fog√≥n)
1:30:18 - Grabois / La vela puerca
1:31:42 - Santilli / Bob Marley (con base)
1:33:02 - Macri (ponele) / Virus (con guitarra de boca)
1:33:53 - Massa / Pappo 
1:34:56 - Grabois y Abal Medina / Gladys la bomba tucumana
1:35:41 - Milei / Spinetta y los socios del desierto
1:36:17 - Grabois / Chichi Peralta
1:36:47 - Grabois / Tini tini tini
1:38:03 - Grabois / (con pista)
1:40:11 - Grabois / (?) (cuarteterisimo)
1:41:10 - Bregman / (?)",,6/7/2023,,,,Jingles,,,
t4xLg702Yn0,"9:51- Grabois / ?
10:03 - Kicillof / ?
13:47 - Massa, Rossi y Kicillof / Que personajes 
14:39 - Chispita Fadul / ?
15:10 - Grabois / Vete y pega la vuelta
15:53 - Grabois / GJV
16:30 - Kicillof / No podr√°s 
17:53 - Kicillof / Ana no duerme
18:36 - Massa / Canci√≥n de cancha
18:58 - Massa / Cancion de cancha 2
21:14 - Grabois / No me arrepiento de este amor
21:52 - Rosemblat / Hold the line
24:21 - Kicillof/ Bob Marley ?  
24:47 - Grabois / Qu√©date 
25:35 - Grabois / Juntos a la par
26:14 - Kicillof / that i'm feeling ?
26:56 - Resumen del viernes (Wado, Mansur, Massa) / Qu√©date 
28:23 - Grabois / Dale alegr√≠a a mi coraz√≥n
30:02 - Rosemblat, Ofelia / El amor despu√©s del amor
32:01 - Massa / Bohemian Rhapsody
32:41 - Grabois / Redondos ?",,29/6/2023,,,,LA PRIMERA F√ÅBRICA DE JINGLES,,,