id:ID,category,createdAt,name,status,updatedAt
t104ajike,POLITICA,2025-11-17T15:09:00.000Z,Conduccion del PJ,DRAFT,2025-11-17T15:09:00.000Z
t1bqeluxk,ACTUALIDAD,2025-10-23T23:26:42.000Z,Actualidad,DRAFT,2025-10-23T23:26:42.000Z
t1f96htzg,GENTE,2025-11-17T13:49:54.000Z,Diego Maradona,DRAFT,2025-11-17T13:49:54.000Z
t1fr6i97z,ACTUALIDAD,2025-11-16T23:03:57.000Z,AC/DC invita a Milei (Fake News),DRAFT,2025-11-16T23:04:58.000Z
t1pwse08s,GENTE,2025-11-18T10:48:57.000Z,Juan Grabois,DRAFT,2025-11-18T10:48:57.000Z
t1y2dulfs,ACTUALIDAD,2025-10-23T23:26:41.000Z,Cloacas en PBA,DRAFT,2025-10-23T23:26:41.000Z
t21hjpw6j,GENTE,2025-11-18T14:39:26.000Z,Sergio Massa,DRAFT,2025-11-18T14:39:26.000Z
t229ay0u3,GENTE,2025-11-16T10:28:19.000Z,Eduardo Feinmann,DRAFT,2025-11-16T10:28:19.000Z
t24cbrdfg,GENTE,2025-11-14T13:08:27.000Z,Lia Copello,DRAFT,2025-11-14T13:08:36.000Z
t29doeord,GENTE,2025-11-15T17:00:29.000Z,Carlos Maslaton,DRAFT,2025-11-15T17:00:29.000Z
t2curperk,GENTE,2025-10-23T23:26:41.000Z,Ian Moche,DRAFT,2025-10-23T23:26:41.000Z
t2f74033n,GELATINA,2025-11-18T14:28:05.000Z,Industria Nacional: Que es la Masoneria?,DRAFT,2025-11-18T14:28:05.000Z
t2hofozxn,GENTE,2025-10-22T15:00:14.000Z,Donald Trump,DRAFT,2025-10-22T15:00:14.000Z
t2m2j8076,GENTE,2025-11-14T13:07:37.000Z,Mati Mowszet,DRAFT,2025-11-14T13:08:04.000Z
t9o4yhrxh,GENTE,2025-11-16T23:04:42.000Z,Javier Milei,DRAFT,2025-11-16T23:04:42.000Z
tf1uuqb7j,ACTUALIDAD,2025-10-23T23:26:41.000Z,Peaje,DRAFT,2025-10-23T23:26:41.000Z
thwnu2c9d,CULTURA,2025-10-23T23:26:42.000Z,Futbol,DRAFT,2025-10-23T23:26:42.000Z
tj8hdc5y5,GENTE,2025-11-18T10:45:05.000Z,Axel Kicillof,DRAFT,2025-11-18T10:45:05.000Z
tjg5ri7vt,GENTE,2025-10-23T23:26:42.000Z,Angel Di Maria,DRAFT,2025-11-14T00:59:30.000Z
tkhd3umhi,GELATINA,2025-11-14T13:09:03.000Z,Examen de manejo (Lia),DRAFT,2025-11-14T13:09:12.000Z
tkreccnq6,GENTE,2025-11-15T00:56:55.000Z,Pedro Rosemblat,DRAFT,2025-11-17T15:08:25.000Z
tq7td517y,ACTUALIDAD,2025-11-14T12:44:41.000Z,Hu3v0 paspado ,DRAFT,2025-11-14T12:49:27.000Z
tqy9vx316,GENTE,2025-10-23T23:26:41.000Z,Juliana Santillan,DRAFT,2025-10-23T23:26:41.000Z
tsc7kdmfl,CULTURA,2025-11-18T14:28:33.000Z,Masoneria,DRAFT,2025-11-18T14:28:33.000Z
ty2ux6e1k,POLITICA,2025-11-16T23:06:09.000Z,Interna del PJ,DRAFT,2025-11-16T23:06:09.000Z
